{
  "version": "1.0",
  "userId": "Thiru",
  "createdAt": "2026-01-08T13:28:25.396900Z",
  "type": "behavior_baseline",
  "method": "statistical",
  "statistical": {
    "mouse_avg_velocity": {
      "mean": 706.6146344443428,
      "std": 602.7302004046772,
      "min": 54.950136464842345,
      "max": 4994.659182245091,
      "median": 561.8385991888256,
      "percentiles": {
        "p5": 168.15197172387494,
        "p25": 357.31913861654573,
        "p50": 561.8385991888256,
        "p75": 780.8860107411818,
        "p95": 2047.9690391428448
      },
      "count": 263
    },
    "mouse_std_velocity": {
      "mean": 707.7909635301218,
      "std": 533.5883051776824,
      "min": 46.384259727687,
      "max": 3815.701260356583,
      "median": 583.6017829558438,
      "percentiles": {
        "p5": 176.64852928389422,
        "p25": 392.1827606845151,
        "p50": 583.6017829558438,
        "p75": 833.1399181632597,
        "p95": 1649.9276526254757
      },
      "count": 263
    },
    "mouse_max_velocity": {
      "mean": 3926.6029004876873,
      "std": 3098.4505589221435,
      "min": 117.6470588235294,
      "max": 29832.867780352597,
      "median": 3333.3333333333335,
      "percentiles": {
        "p5": 999.9999999999999,
        "p25": 1943.6506316151,
        "p50": 3333.3333333333335,
        "p75": 4967.848815826808,
        "p95": 8957.776923214878
      },
      "count": 263
    },
    "mouse_avg_acceleration": {
      "mean": 12703.247932962862,
      "std": 49169.28146539197,
      "min": -81861.30221691962,
      "max": 717675.9044396834,
      "median": 4388.523311160536,
      "percentiles": {
        "p5": -1121.6538730558482,
        "p25": 1055.94344249898,
        "p50": 4388.523311160536,
        "p75": 10287.864059030218,
        "p95": 44919.54404442605
      },
      "count": 263
    },
    "mouse_avg_curvature": {
      "mean": 0.14187974056895206,
      "std": 0.06961462359741502,
      "min": 0.0,
      "max": 0.4308596791121178,
      "median": 0.13271888744766464,
      "percentiles": {
        "p5": 0.04906753899135044,
        "p25": 0.0942002870143285,
        "p50": 0.13271888744766464,
        "p75": 0.17656416505036943,
        "p95": 0.28578510903314863
      },
      "count": 263
    },
    "mouse_total_distance": {
      "mean": 1049.413131537654,
      "std": 1109.8247639064257,
      "min": 11.242640687119284,
      "max": 6914.152926028219,
      "median": 738.6185452391145,
      "percentiles": {
        "p5": 133.06490326352642,
        "p25": 398.7698331979161,
        "p50": 738.6185452391145,
        "p75": 1342.7064504911189,
        "p95": 3156.2252243280145
      },
      "count": 263
    },
    "mouse_idle_time": {
      "mean": 636.4790874524715,
      "std": 3889.95655387146,
      "min": 0.0,
      "max": 55260.0,
      "median": 0.0,
      "percentiles": {
        "p5": 0.0,
        "p25": 0.0,
        "p50": 0.0,
        "p75": 0.0,
        "p95": 4040.699999999981
      },
      "count": 263
    },
    "mouse_click_count": {
      "mean": 4.437262357414449,
      "std": 4.130345288366406,
      "min": 0.0,
      "max": 27.0,
      "median": 4.0,
      "percentiles": {
        "p5": 0.0,
        "p25": 1.0,
        "p50": 4.0,
        "p75": 7.0,
        "p95": 11.0
      },
      "count": 263
    }
  },
  "model": null,
  "metadata": {
    "total_samples": 2104,
    "feature_counts": {
      "mouse_avg_velocity": 263,
      "mouse_std_velocity": 263,
      "mouse_max_velocity": 263,
      "mouse_avg_acceleration": 263,
      "mouse_avg_curvature": 263,
      "mouse_total_distance": 263,
      "mouse_idle_time": 263,
      "mouse_click_count": 263
    }
  }
}